{"config_5": {"joint_values": [1.4428963407240085, 0.28291787174828081, 0.063329304339479781, 3.8881100000000002, 0.69824055928279916, 1.5303046881486282, 0.2461883456172472, -0.89177133721133273, 0.74610177762085794, -0.24242623310201239, -1.8365520012894496, 0.70773101168370056, 2.2785273384785976, -0.0], "joint_names": ["r1_joint_5", "r2_joint_2", "r1_joint_3", "r2_cart_joint", "r1_cart_joint", "r2_joint_5", "r1_joint_2", "r1_joint_1", "r1_joint_4", "r2_joint_3", "r1_joint_6", "r2_joint_1", "r2_joint_6", "r2_joint_4"], "joint_types": [0, 0, 0, 2, 2, 0, 0, 0, 0, 0, 0, 0, 0, 0]}, "config_11": {"joint_values": [1.4056552856217652, 0.28291787174828081, -0.035766961013215609, 3.8881100000000002, 1.4161292304221582, 1.5303046881486282, 0.60947276167548325, -1.1750327018958084, 1.6374445600713403, -0.24242623310201239, -1.3688040102240286, 0.70773101168370056, 2.2785273384785976, -0.0], "joint_names": ["r1_joint_5", "r2_joint_2", "r1_joint_3", "r2_cart_joint", "r1_cart_joint", "r2_joint_5", "r1_joint_2", "r1_joint_1", "r1_joint_4", "r2_joint_3", "r1_joint_6", "r2_joint_1", "r2_joint_6", "r2_joint_4"], "joint_types": [0, 0, 0, 2, 2, 0, 0, 0, 0, 0, 0, 0, 0, 0]}, "config_13": {"joint_values": [1.3932416005876842, 0.28291787174828081, -0.068799049464114082, 3.8881100000000002, 1.655425454135278, 1.5303046881486282, 0.73056756702822867, -1.2694531567906338, 1.9345588208881679, -0.24242623310201239, -1.2128880132022217, 0.70773101168370056, 2.2785273384785976, -0.0], "joint_names": ["r1_joint_5", "r2_joint_2", "r1_joint_3", "r2_cart_joint", "r1_cart_joint", "r2_joint_5", "r1_joint_2", "r1_joint_1", "r1_joint_4", "r2_joint_3", "r1_joint_6", "r2_joint_1", "r2_joint_6", "r2_joint_4"], "joint_types": [0, 0, 0, 2, 2, 0, 0, 0, 0, 0, 0, 0, 0, 0]}, "config_7": {"joint_values": [1.4304826556899275, 0.28291787174828081, 0.030297215888581322, 3.8881100000000002, 0.9375367829959188, 1.5303046881486282, 0.36728315096999253, -0.98619179210615793, 1.0432160384376854, -0.24242623310201239, -1.6806360042676425, 0.70773101168370056, 2.2785273384785976, -0.0], "joint_names": ["r1_joint_5", "r2_joint_2", "r1_joint_3", "r2_cart_joint", "r1_cart_joint", "r2_joint_5", "r1_joint_2", "r1_joint_1", "r1_joint_4", "r2_joint_3", "r1_joint_6", "r2_joint_1", "r2_joint_6", "r2_joint_4"], "joint_types": [0, 0, 0, 2, 2, 0, 0, 0, 0, 0, 0, 0, 0, 0]}, "config_0": {"joint_values": [1.4739305533092113, 0.28291787174828081, 0.14590952546672595, 3.8881100000000002, 0.10000000000000001, 1.5303046881486282, -0.056548667764616284, -0.65572019997426967, 0.0033161255787892262, -0.24242623310201239, -2.2263419938439668, 0.70773101168370056, 2.2785273384785976, -0.0], "joint_names": ["r1_joint_5", "r2_joint_2", "r1_joint_3", "r2_cart_joint", "r1_cart_joint", "r2_joint_5", "r1_joint_2", "r1_joint_1", "r1_joint_4", "r2_joint_3", "r1_joint_6", "r2_joint_1", "r2_joint_6", "r2_joint_4"], "joint_types": [0, 0, 0, 2, 2, 0, 0, 0, 0, 0, 0, 0, 0, 0]}, "config_2": {"joint_values": [1.4615168682751303, 0.28291787174828081, 0.11287743701582748, 3.8881100000000002, 0.33929622371311963, 1.5303046881486282, 0.064546137588129091, -0.75014065486909487, 0.3004303863956167, -0.24242623310201239, -2.0704259968221601, 0.70773101168370056, 2.2785273384785976, -0.0], "joint_names": ["r1_joint_5", "r2_joint_2", "r1_joint_3", "r2_cart_joint", "r1_cart_joint", "r2_joint_5", "r1_joint_2", "r1_joint_1", "r1_joint_4", "r2_joint_3", "r1_joint_6", "r2_joint_1", "r2_joint_6", "r2_joint_4"], "joint_types": [0, 0, 0, 2, 2, 0, 0, 0, 0, 0, 0, 0, 0, 0]}, "config_1": {"joint_values": [1.4677237107921708, 0.28291787174828081, 0.12939348124127673, 3.8881100000000002, 0.21964811185655983, 1.5303046881486282, 0.0039987349117564033, -0.70293042742168232, 0.15187325598720294, -0.24242623310201239, -2.1483839953330635, 0.70773101168370056, 2.2785273384785976, -0.0], "joint_names": ["r1_joint_5", "r2_joint_2", "r1_joint_3", "r2_cart_joint", "r1_cart_joint", "r2_joint_5", "r1_joint_2", "r1_joint_1", "r1_joint_4", "r2_joint_3", "r1_joint_6", "r2_joint_1", "r2_joint_6", "r2_joint_4"], "joint_types": [0, 0, 0, 2, 2, 0, 0, 0, 0, 0, 0, 0, 0, 0]}, "config_9": {"joint_values": [1.4180689706558465, 0.28291787174828081, -0.0027348725623171644, 3.8881100000000002, 1.1768330067090387, 1.5303046881486282, 0.48837795632273795, -1.0806122470009831, 1.340330299254513, -0.24242623310201239, -1.5247200072458358, 0.70773101168370056, 2.2785273384785976, -0.0], "joint_names": ["r1_joint_5", "r2_joint_2", "r1_joint_3", "r2_cart_joint", "r1_cart_joint", "r2_joint_5", "r1_joint_2", "r1_joint_1", "r1_joint_4", "r2_joint_3", "r1_joint_6", "r2_joint_1", "r2_joint_6", "r2_joint_4"], "joint_types": [0, 0, 0, 2, 2, 0, 0, 0, 0, 0, 0, 0, 0, 0]}, "config_4": {"joint_values": [1.449103183241049, 0.28291787174828081, 0.079845348564929017, 3.8881100000000002, 0.57859244742623928, 1.5303046881486282, 0.18564094294087446, -0.84456110976392007, 0.59754464721244416, -0.24242623310201239, -1.914509999800353, 0.70773101168370056, 2.2785273384785976, -0.0], "joint_names": ["r1_joint_5", "r2_joint_2", "r1_joint_3", "r2_cart_joint", "r1_cart_joint", "r2_joint_5", "r1_joint_2", "r1_joint_1", "r1_joint_4", "r2_joint_3", "r1_joint_6", "r2_joint_1", "r2_joint_6", "r2_joint_4"], "joint_types": [0, 0, 0, 2, 2, 0, 0, 0, 0, 0, 0, 0, 0, 0]}, "config_8": {"joint_values": [1.424275813172887, 0.28291787174828081, 0.013781171663132086, 3.8881100000000002, 1.0571848948524787, 1.5303046881486282, 0.42783055364636524, -1.0334020195535705, 1.1917731688460991, -0.24242623310201239, -1.6026780057567391, 0.70773101168370056, 2.2785273384785976, -0.0], "joint_names": ["r1_joint_5", "r2_joint_2", "r1_joint_3", "r2_cart_joint", "r1_cart_joint", "r2_joint_5", "r1_joint_2", "r1_joint_1", "r1_joint_4", "r2_joint_3", "r1_joint_6", "r2_joint_1", "r2_joint_6", "r2_joint_4"], "joint_types": [0, 0, 0, 2, 2, 0, 0, 0, 0, 0, 0, 0, 0, 0]}, "config_14": {"joint_values": [1.3870347580706437, 0.28291787174828081, -0.085315093689563304, 3.8881100000000002, 1.7750735659918377, 1.5303046881486282, 0.79111496970460138, -1.3166633842380462, 2.0831159512965813, -0.24242623310201239, -1.1349300146913184, 0.70773101168370056, 2.2785273384785976, -0.0], "joint_names": ["r1_joint_5", "r2_joint_2", "r1_joint_3", "r2_cart_joint", "r1_cart_joint", "r2_joint_5", "r1_joint_2", "r1_joint_1", "r1_joint_4", "r2_joint_3", "r1_joint_6", "r2_joint_1", "r2_joint_6", "r2_joint_4"], "joint_types": [0, 0, 0, 2, 2, 0, 0, 0, 0, 0, 0, 0, 0, 0]}, "config_3": {"joint_values": [1.4553100257580898, 0.28291787174828081, 0.096361392790378253, 3.8881100000000002, 0.45894433556967951, 1.5303046881486282, 0.12509354026450178, -0.79735088231650753, 0.44898751680403043, -0.24242623310201239, -1.9924679983112563, 0.70773101168370056, 2.2785273384785976, -0.0], "joint_names": ["r1_joint_5", "r2_joint_2", "r1_joint_3", "r2_cart_joint", "r1_cart_joint", "r2_joint_5", "r1_joint_2", "r1_joint_1", "r1_joint_4", "r2_joint_3", "r1_joint_6", "r2_joint_1", "r2_joint_6", "r2_joint_4"], "joint_types": [0, 0, 0, 2, 2, 0, 0, 0, 0, 0, 0, 0, 0, 0]}, "config_12": {"joint_values": [1.3994484431047247, 0.28291787174828081, -0.052283005238664831, 3.8881100000000002, 1.535777342278718, 1.5303046881486282, 0.67002016435185596, -1.2222429293432211, 1.786001690479754, -0.24242623310201239, -1.2908460117131253, 0.70773101168370056, 2.2785273384785976, -0.0], "joint_names": ["r1_joint_5", "r2_joint_2", "r1_joint_3", "r2_cart_joint", "r1_cart_joint", "r2_joint_5", "r1_joint_2", "r1_joint_1", "r1_joint_4", "r2_joint_3", "r1_joint_6", "r2_joint_1", "r2_joint_6", "r2_joint_4"], "joint_types": [0, 0, 0, 2, 2, 0, 0, 0, 0, 0, 0, 0, 0, 0]}, "config_10": {"joint_values": [1.411862128138806, 0.28291787174828081, -0.019250916787766387, 3.8881100000000002, 1.2964811185655984, 1.5303046881486282, 0.54892535899911066, -1.1278224744483958, 1.4888874296629266, -0.24242623310201239, -1.4467620087349322, 0.70773101168370056, 2.2785273384785976, -0.0],