{"config_5": {"joint_values": [1.4739305533092113, -1.5677325632873189, 0.14590952546672595, 1.2348677549754763, 0.10000000000000001, 1.4624747996806051, -0.056548667764616284, -0.65572019997426967, 0.0033161255787892262, -0.79423891393556056, 0.0, -2.2760962414529429, -6.7443387717532728, -3.6935972951543761], "joint_names": ["r1_joint_5", "r2_joint_2", "r1_joint_3", "r2_cart_joint", "r1_cart_joint", "r2_joint_5", "r1_joint_2", "r1_joint_1", "r1_joint_4", "r2_joint_3", "r1_joint_6", "r2_joint_1", "r2_joint_6", "r2_joint_4"], "joint_types": [0, 0, 0, 2, 2, 0, 0, 0, 0, 0, 0, 0, 0, 0]}, "config_7": {"joint_values": [1.4739305533092113, -1.5665055886022463, 0.14590952546672595, 1.1998950952539986, 0.10000000000000001, 1.4056422752557642, -0.056548667764616284, -0.65572019997426967, 0.0033161255787892262, -0.8504621969695717, 0.0, -2.3145481479506969, -6.7418626101447598, -3.6694597647928928], "joint_names": ["r1_joint_5", "r2_joint_2", "r1_joint_3", "r2_cart_joint", "r1_cart_joint", "r2_joint_5", "r1_joint_2", "r1_joint_1", "r1_joint_4", "r2_joint_3", "r1_joint_6", "r2_joint_1", "r2_joint_6", "r2_joint_4"], "joint_types": [0, 0, 0, 2, 2, 0, 0, 0, 0, 0, 0, 0, 0, 0]}, "config_0": {"joint_values": [1.4739305533092113, -1.5708, 0.14590952546672595, 1.3222994042791709, 0.10000000000000001, 1.6045561107427071, -0.056548667764616284, -0.65572019997426967, 0.0033161255787892262, -0.65368070635053299, 0.0, -2.1799664752085586, -6.7505291757745551, -3.7539411210580838], "joint_names": ["r1_joint_5", "r2_joint_2", "r1_joint_3", "r2_cart_joint", "r1_cart_joint", "r2_joint_5", "r1_joint_2", "r1_joint_1", "r1_joint_4", "r2_joint_3", "r1_joint_6", "r2_joint_1", "r2_joint_6", "r2_joint_4"], "joint_types": [0, 0, 0, 2, 2, 0, 0, 0, 0, 0, 0, 0, 0, 0]}, "config_2": {"joint_values": [1.4739305533092113, -1.5695730253149276, 0.14590952546672595, 1.287326744557693, 0.10000000000000001, 1.5477235863178662, -0.056548667764616284, -0.65572019997426967, 0.0033161255787892262, -0.70990398938454402, 0.0, -2.2184183817063121, -6.7480530141660422, -3.7298035906966005], "joint_names": ["r1_joint_5", "r2_joint_2", "r1_joint_3", "r2_cart_joint", "r1_cart_joint", "r2_joint_5", "r1_joint_2", "r1_joint_1", "r1_joint_4", "r2_joint_3", "r1_joint_6", "r2_joint_1", "r2_joint_6", "r2_joint_4"], "joint_types": [0, 0, 0, 2, 2, 0, 0, 0, 0, 0, 0, 0, 0, 0]}, "config_1": {"joint_values": [1.4739305533092113, -1.5701865126574637, 0.14590952546672595, 1.3048130744184321, 0.10000000000000001, 1.5761398485302867, -0.056548667764616284, -0.65572019997426967, 0.0033161255787892262, -0.68179234786753851, 0.0, -2.1991924284574353, -6.7492910949702987, -3.7418723558773421], "joint_names": ["r1_joint_5", "r2_joint_2", "r1_joint_3", "r2_cart_joint", "r1_cart_joint", "r2_joint_5", "r1_joint_2", "r1_joint_1", "r1_joint_4", "r2_joint_3", "r1_joint_6", "r2_joint_1", "r2_joint_6", "r2_joint_4"], "joint_types": [0, 0, 0, 2, 2, 0, 0, 0, 0, 0, 0, 0, 0, 0]}, "config_9": {"joint_values": [1.4739305533092113, -1.5652786139171739, 0.14590952546672595, 1.1649224355325207, 0.10000000000000001, 1.3488097508309234, -0.056548667764616284, -0.65572019997426967, 0.0033161255787892262, -0.90668548000358273, 0.0, -2.3530000544484504, -6.7393864485362469, -3.6453222344314096], "joint_names": ["r1_joint_5", "r2_joint_2", "r1_joint_3", "r2_cart_joint", "r1_cart_joint", "r2_joint_5", "r1_joint_2", "r1_joint_1", "r1_joint_4", "r2_joint_3", "r1_joint_6", "r2_joint_1", "r2_joint_6", "r2_joint_4"], "joint_types": [0, 0, 0, 2, 2, 0, 0, 0, 0, 0, 0, 0, 0, 0]}, "config_4": {"joint_values": [1.4739305533092113, -1.568346050629855, 0.14590952546672595, 1.2523540848362154, 0.10000000000000001, 1.4908910618930253, -0.056548667764616284, -0.65572019997426967, 0.0033161255787892262, -0.76612727241855505, 0.0, -2.2568702882040661, -6.7455768525575293, -3.7056660603351173], "joint_names": ["r1_joint_5", "r2_joint_2", "r1_joint_3", "r2_cart_joint", "r1_cart_joint", "r2_joint_5", "r1_joint_2", "r1_joint_1", "r1_joint_4", "r2_joint_3", "r1_joint_6", "r2_joint_1", "r2_joint_6", "r2_joint_4"], "joint_types": [0, 0, 0, 2, 2, 0, 0, 0, 0, 0, 0, 0, 0, 0]}, "config_8": {"joint_values": [1.4739305533092113, -1.5658921012597102, 0.14590952546672595, 1.1824087653932596, 0.10000000000000001, 1.3772260130433438, -0.056548667764616284, -0.65572019997426967, 0.0033161255787892262, -0.87857383848657722, 0.0, -2.3337741011995736, -6.7406245293405034, -3.6573909996121512], "joint_names": ["r1_joint_5", "r2_joint_2", "r1_joint_3", "r2_cart_joint", "r1_cart_joint", "r2_joint_5", "r1_joint_2", "r1_joint_1", "r1_joint_4", "r2_joint_3", "r1_joint_6", "r2_joint_1", "r2_joint_6", "r2_joint_4"], "joint_types": [0, 0, 0, 2, 2, 0, 0, 0, 0, 0, 0, 0, 0, 0]}, "config_3": {"joint_values": [1.4739305533092113, -1.5689595379723913, 0.14590952546672595, 1.2698404146969542, 0.10000000000000001, 1.5193073241054458, -0.056548667764616284, -0.65572019997426967, 0.0033161255787892262, -0.73801563090154954, 0.0, -2.2376443349551893, -6.7468149333617857, -3.7177348255158589], "joint_names": ["r1_joint_5", "r2_joint_2", "r1_joint_3", "r2_cart_joint", "r1_cart_joint", "r2_joint_5", "r1_joint_2", "r1_joint_1", "r1_joint_4", "r2_joint_3", "r1_joint_6", "r2_joint_1", "r2_joint_6", "r2_joint_4"], "joint_types": [0, 0, 0, 2, 2, 0, 0, 0, 0, 0, 0, 0, 0, 0]}, "config_6": {"joint_values": [1.4739305533092113, -1.5671190759447826, 0.14590952546672595, 1.2173814251147375, 0.10000000000000001, 1.4340585374681847, -0.056548667764616284, -0.65572019997426967, 0.0033161255787892262, -0.82235055545256608, 0.0, -2.2953221947018196, -6.7431006909490163, -3.6815285299736344], "joint_names": ["r1_joint_5", "r2_joint_2", "r1_joint_3", "r2_cart_joint", "r1_cart_joint", "r2_joint_5", "r1_joint_2", "r1_joint_1", "r1_joint_4", "r2_joint_3", "r1_joint_6", "r2_joint_1", "r2_joint_6", "r2_joint_4"], "joint_types": [0, 0, 0, 2, 2, 0, 0, 0, 0, 0, 0, 0, 0, 0]}}