{"config_5": {"joint_values": [1.814896363624465, 0.28291787174828081, -2.7664282307558219, 3.8999999999999999, 3.5407917106327815, 1.5303046881486282, -0.56829583223706215, 2.4995010488704907, -1.9413547937630415, -0.24242623310201239, -0.54202859639758783, 0.70773101168370056, 2.2785273384785976, -0.0], "joint_names": ["r1_joint_5", "r2_joint_2", "r1_joint_3", "r2_cart_joint", "r1_cart_joint", "r2_joint_5", "r1_joint_2", "r1_joint_1", "r1_joint_4", "r2_joint_3", "r1_joint_6", "r2_joint_1", "r2_joint_6", "r2_joint_4"], "joint_types": [0, 0, 0, 2, 2, 0, 0, 0, 0, 0, 0, 0, 0, 0]}, "config_7": {"joint_values": [1.7976078453956987, 0.28291787174828081, -2.7725457201449024, 3.8999999999999999, 3.5189965082640229, 1.5303046881486282, -0.5720419294959368, 2.5176734325232681, -1.9416989035452259, -0.24242623310201239, -0.5483660431982984, 0.70773101168370056, 2.2785273384785976, -0.0], "joint_names": ["r1_joint_5", "r2_joint_2", "r1_joint_3", "r2_cart_joint", "r1_cart_joint", "r2_joint_5", "r1_joint_2", "r1_joint_1", "r1_joint_4", "r2_joint_3", "r1_joint_6", "r2_joint_1", "r2_joint_6", "r2_joint_4"], "joint_types": [0, 0, 0, 2, 2, 0, 0, 0, 0, 0, 0, 0, 0, 0]}, "config_0": {"joint_values": [1.8581176591963804, 0.28291787174828081, -2.7511345072831213, 3.8999999999999999, 3.5952797165546788, 1.5303046881486282, -0.55893058908987547, 2.4540700897385466, -1.9404945193075802, -0.24242623310201239, -0.52618497939581155, 0.70773101168370056, 2.2785273384785976, -0.0], "joint_names": ["r1_joint_5", "r2_joint_2", "r1_joint_3", "r2_cart_joint", "r1_cart_joint", "r2_joint_5", "r1_joint_2", "r1_joint_1", "r1_joint_4", "r2_joint_3", "r1_joint_6", "r2_joint_1", "r2_joint_6", "r2_joint_4"], "joint_types": [0, 0, 0, 2, 2, 0, 0, 0, 0, 0, 0, 0, 0, 0]}, "config_2": {"joint_values": [1.8408291409676143, 0.28291787174828081, -2.7572519966722013, 3.8999999999999999, 3.5734845141859197, 1.5303046881486282, -0.56267668634875012, 2.4722424733913244, -1.9408386290897648, -0.24242623310201239, -0.53252242619652201, 0.70773101168370056, 2.2785273384785976, -0.0], "joint_names": ["r1_joint_5", "r2_joint_2", "r1_joint_3", "r2_cart_joint", "r1_cart_joint", "r2_joint_5", "r1_joint_2", "r1_joint_1", "r1_joint_4", "r2_joint_3", "r1_joint_6", "r2_joint_1", "r2_joint_6", "r2_joint_4"], "joint_types": [0, 0, 0, 2, 2, 0, 0, 0, 0, 0, 0, 0, 0, 0]}, "config_1": {"joint_values": [1.8494734000819972, 0.28291787174828081, -2.7541932519776613, 3.8999999999999999, 3.5843821153702993, 1.5303046881486282, -0.56080363771931285, 2.4631562815649355, -1.9406665741986724, -0.24242623310201239, -0.52935370279616678, 0.70773101168370056, 2.2785273384785976, -0.0], "joint_names": ["r1_joint_5", "r2_joint_2", "r1_joint_3", "r2_cart_joint", "r1_cart_joint", "r2_joint_5", "r1_joint_2", "r1_joint_1", "r1_joint_4", "r2_joint_3", "r1_joint_6", "r2_joint_1", "r2_joint_6", "r2_joint_4"], "joint_types": [0, 0, 0, 2, 2, 0, 0, 0, 0, 0, 0, 0, 0, 0]}, "config_9": {"joint_values": [1.7803193271669326, 0.28291787174828081, -2.7786632095339825, 3.8999999999999999, 3.4972013058952638, 1.5303046881486282, -0.57578802675481144, 2.535845816176046, -1.9420430133274105, -0.24242623310201239, -0.55470348999900887, 0.70773101168370056, 2.2785273384785976, -0.0], "joint_names": ["r1_joint_5", "r2_joint_2", "r1_joint_3", "r2_cart_joint", "r1_cart_joint", "r2_joint_5", "r1_joint_2", "r1_joint_1", "r1_joint_4", "r2_joint_3", "r1_joint_6", "r2_joint_1", "r2_joint_6", "r2_joint_4"], "joint_types": [0, 0, 0, 2, 2, 0, 0, 0, 0, 0, 0, 0, 0, 0]}, "config_4": {"joint_values": [1.823540622738848, 0.28291787174828081, -2.7633694860612819, 3.8999999999999999, 3.5516893118171611, 1.5303046881486282, -0.56642278360762477, 2.4904148570441018, -1.9411827388719491, -0.24242623310201239, -0.53885987299723259, 0.70773101168370056, 2.2785273384785976, -0.0], "joint_names": ["r1_joint_5", "r2_joint_2", "r1_joint_3", "r2_cart_joint", "r1_cart_joint", "r2_joint_5", "r1_joint_2", "r1_joint_1", "r1_joint_4", "r2_joint_3", "r1_joint_6", "r2_joint_1", "r2_joint_6", "r2_joint_4"], "joint_types": [0, 0, 0, 2, 2, 0, 0, 0, 0, 0, 0, 0, 0, 0]}, "config_8": {"joint_values": [1.7889635862813158, 0.28291787174828081, -2.7756044648394425, 3.8999999999999999, 3.5080989070796433, 1.5303046881486282, -0.57391497812537406, 2.5267596243496571, -1.9418709584363183, -0.24242623310201239, -0.55153476659865364, 0.70773101168370056, 2.2785273384785976, -0.0], "joint_names": ["r1_joint_5", "r2_joint_2", "r1_joint_3", "r2_cart_joint", "r1_cart_joint", "r2_joint_5", "r1_joint_2", "r1_joint_1", "r1_joint_4", "r2_joint_3", "r1_joint_6", "r2_joint_1", "r2_joint_6", "r2_joint_4"], "joint_types": [0, 0, 0, 2, 2, 0, 0, 0, 0, 0, 0, 0, 0, 0]}, "config_3": {"joint_values": [1.8321848818532311, 0.28291787174828081, -2.7603107413667418, 3.8999999999999999, 3.5625869130015406, 1.5303046881486282, -0.5645497349781875, 2.4813286652177129, -1.941010683980857, -0.24242623310201239, -0.53569114959687736, 0.70773101168370056, 2.2785273384785976, -0.0], "joint_names": ["r1_joint_5", "r2_joint_2", "r1_joint_3", "r2_cart_joint", "r1_cart_joint", "r2_joint_5", "r1_joint_2", "r1_joint_1", "r1_joint_4", "r2_joint_3", "r1_joint_6", "r2_joint_1", "r2_joint_6", "r2_joint_4"], "joint_types": [0, 0, 0, 2, 2, 0, 0, 0, 0, 0, 0, 0, 0, 0]}, "config_6": {"joint_values": [1.8062521045100819, 0.28291787174828081, -2.7694869754503619, 3.8999999999999999, 3.529894109448402, 1.5303046881486282, -0.57016888086649942, 2.5085872406968797, -1.9415268486541337, -0.24242623310201239, -0.54519731979794306, 0.70773101168370056, 2.2785273384785976, -0.0], "joint_names": ["r1_joint_5", "r2_joint_2", "r1_joint_3", "r2_cart_joint", "r1_cart_joint", "r2_joint_5", "r1_joint_2", "r1_joint_1", "r1_joint_4", "r2_joint_3", "r1_joint_6", "r2_joint_1", "r2_joint_6", "r2_joint_4"], "joint_types": [0, 0, 0, 2, 2, 0, 0, 0, 0, 0, 0, 0, 0, 0]}}