{"config_32": {"joint_values": [1.4739305533092113, 1.6636767650616593, 0.14590952546672595, 1.5612350914929334, 0.10000000000000001, 1.5932673176532282, -0.056548667764616284, -0.65572019997426967, 0.0033161255787892262, -2.4951624225809135, -2.2263419938439668, 1.0515476680578344, -0.36029719812223854, -6.9523393179447401], "joint_names": ["r1_joint_5", "r2_joint_2", "r1_joint_3", "r2_cart_joint", "r1_cart_joint", "r2_joint_5", "r1_joint_2", "r1_joint_1", "r1_joint_4", "r2_joint_3", "r1_joint_6", "r2_joint_1", "r2_joint_6", "r2_joint_4"], "joint_types": [0, 0, 0, 2, 2, 0, 0, 0, 0, 0, 0, 0, 0, 0]}, "config_30": {"joint_values": [1.4739305533092113, 1.5773793342295732, 0.14590952546672595, 1.7066647732746247, 0.10000000000000001, 1.5893321533091906, -0.056548667764616284, -0.65572019997426967, 0.0033161255787892262, -2.3543664107384821, -2.2263419938439668, 1.030059127034451, -0.19537066458468644, -6.5178181105731943], "joint_names": ["r1_joint_5", "r2_joint_2", "r1_joint_3", "r2_cart_joint", "r1_cart_joint", "r2_joint_5", "r1_joint_2", "r1_joint_1", "r1_joint_4", "r2_joint_3", "r1_joint_6", "r2_joint_1", "r2_joint_6", "r2_joint_4"], "joint_types": [0, 0, 0, 2, 2, 0, 0, 0, 0, 0, 0, 0, 0, 0]}, "config_31": {"joint_values": [1.4739305533092113, 1.6205280496456163, 0.14590952546672595, 1.6339499323837789, 0.10000000000000001, 1.5912997354812095, -0.056548667764616284, -0.65572019997426967, 0.0033161255787892262, -2.424764416659698, -2.2263419938439668, 1.0408033975461426, -0.27783393135346257, -6.7350787142589672], "joint_names": ["r1_joint_5", "r2_joint_2", "r1_joint_3", "r2_cart_joint", "r1_cart_joint", "r2_joint_5", "r1_joint_2", "r1_joint_1", "r1_joint_4", "r2_joint_3", "r1_joint_6", "r2_joint_1", "r2_joint_6", "r2_joint_4"], "joint_types": [0, 0, 0, 2, 2, 0, 0, 0, 0, 0, 0, 0, 0, 0]}, "config_1": {"joint_values": [1.4739305533092113, 0.32606658716432391, 0.14590952546672595, 3.8153951591091544, 0.10000000000000001, 1.5322722703206468, -0.056548667764616284, -0.65572019997426967, 0.0033161255787892262, -0.31282423902322803, -2.2263419938439668, 0.71847528219539225, 2.1960640717098214, -0.21726060368577313], "joint_names": ["r1_joint_5", "r2_joint_2", "r1_joint_3", "r2_cart_joint", "r1_cart_joint", "r2_joint_5", "r1_joint_2", "r1_joint_1", "r1_joint_4", "r2_joint_3", "r1_joint_6", "r2_joint_1", "r2_joint_6", "r2_joint_4"], "joint_types": [0, 0, 0, 2, 2, 0, 0, 0, 0, 0, 0, 0, 0, 0]}, "config_9": {"joint_values": [1.4739305533092113, 0.67125631049266854, 0.14590952546672595, 3.2336764319823876, 0.10000000000000001, 1.5480129276967969, -0.056548667764616284, -0.65572019997426967, 0.0033161255787892262, -0.87600828639295336, -2.2263419938439668, 0.80442944628892565, 1.5363579375596124, -1.9553454331719582], "joint_names": ["r1_joint_5", "r2_joint_2", "r1_joint_3", "r2_cart_joint", "r1_cart_joint", "r2_joint_5", "r1_joint_2", "r1_joint_1", "r1_joint_4", "r2_joint_3", "r1_joint_6", "r2_joint_1", "r2_joint_6", "r2_joint_4"], "joint_types": [0, 0, 0, 2, 2, 0, 0, 0, 0, 0, 0, 0, 0, 0]}, "config_4": {"joint_values": [1.4739305533092113, 0.45551273341245313, 0.14590952546672595, 3.597250636436617, 0.10000000000000001, 1.5381750168367032, -0.056548667764616284, -0.65572019997426967, 0.0033161255787892262, -0.52401825678687497, -2.2263419938439668, 0.75070809373046732, 1.948674271403493, -0.86904241474309252], "joint_names": ["r1_joint_5", "r2_joint_2", "r1_joint_3", "r2_cart_joint", "r1_cart_joint", "r2_joint_5", "r1_joint_2", "r1_joint_1", "r1_joint_4", "r2_joint_3", "r1_joint_6", "r2_joint_1", "r2_joint_6", "r2_joint_4"], "joint_types": [0, 0, 0, 2, 2, 0, 0, 0, 0, 0, 0, 0, 0, 0]}, "config_18": {"joint_values": [1.4739305533092113, 1.0595947492370563, 0.14590952546672595, 2.5792428639647751, 0.10000000000000001, 1.5657211672449656, -0.056548667764616284, -0.65572019997426967, 0.0033161255787892262, -1.5095903396838943, -2.2263419938439668, 0.90112788089415086, 0.79418853664062716, -3.9106908663439164], "joint_names": ["r1_joint_5", "r2_joint_2", "r1_joint_3", "r2_cart_joint", "r1_cart_joint", "r2_joint_5", "r1_joint_2", "r1_joint_1", "r1_joint_4", "r2_joint_3", "r1_joint_6", "r2_joint_1", "r2_joint_6", "r2_joint_4"], "joint_types": [0, 0, 0, 2, 2, 0, 0, 0, 0, 0, 0, 0, 0, 0]}, "config_19": {"joint_values": [1.4739305533092113, 1.1027434646530994, 0.14590952546672595, 2.5065280230739289, 0.10000000000000001, 1.5676887494169844, -0.056548667764616284, -0.65572019997426967, 0.0033161255787892262, -1.5799883456051098, -2.2263419938439668, 0.91187215140584255, 0.71172526987185103, -4.1279514700296893], "joint_names": ["r1_joint_5", "r2_joint_2", "r1_joint_3", "r2_cart_joint", "r1_cart_joint", "r2_joint_5", "r1_joint_2", "r1_joint_1", "r1_joint_4", "r2_joint_3", "r1_joint_6", "r2_joint_1", "r2_joint_6", "r2_joint_4"], "joint_types": [0, 0, 0, 2, 2, 0, 0, 0, 0, 0, 0, 0, 0, 0]}, "config_16": {"joint_values": [1.4739305533092113, 0.97329731840497002, 0.14590952546672595, 2.7246725457464667, 0.10000000000000001, 1.5617860029009281, -0.056548667764616284, -0.65572019997426967, 0.0033161255787892262, -1.3687943278414629, -2.2263419938439668, 0.87963933987076748, 0.95911507017817943, -3.4761696589723701], "joint_names": ["r1_joint_5", "r2_joint_2", "r1_joint_3", "r2_cart_joint", "r1_cart_joint", "r2_joint_5", "r1_joint_2", "r1_joint_1", "r1_joint_4", "r2_joint_3", "r1_joint_6", "r2_joint_1", "r2_joint_6", "r2_joint_4"], "joint_types": [0, 0, 0, 2, 2, 0, 0, 0, 0, 0, 0, 0, 0, 0]}, "config_17": {"joint_values": [1.4739305533092113, 1.0164460338210131, 0.14590952546672595, 2.6519577048556209, 0.10000000000000001, 1.5637535850729469, -0.056548667764616284, -0.65572019997426967, 0.0033161255787892262, -1.4391923337626786, -2.2263419938439668, 0.89038361038245917, 0.8766518034094033, -3.693430262658143], "joint_names": ["r1_joint_5", "r2_joint_2", "r1_joint_3", "r2_cart_joint", "r1_cart_joint", "r2_joint_5", "r1_joint_2", "r1_joint_1", "r1_joint_4", "r2_joint_3", "r1_joint_6", "r2_joint_1", "r2_joint_6", "r2_joint_4"], "joint_types": [0, 0, 0, 2, 2, 0, 0, 0, 0, 0, 0, 0, 0, 0]}, "config_14": {"joint_values": [1.4739305533092113, 0.88699988757288395, 0.14590952546672595, 2.8701022275281582, 0.10000000000000001, 1.5578508385568908, -0.056548667764616284, -0.65572019997426967, 0.0033161255787892262, -1.2279983159990318, -2.2263419938439668, 0.8581507988473841, 1.1240416037157317, -3.0416484516008238], "joint_names": ["r1_joint_5", "r2_joint_2", "r1_joint_3", "r2_cart_joint", "r1_cart_joint", "r2_joint_5", "r1_joint_2", "r1_joint_1", "r1_joint_4", "r2_joint_3", "r1_joint_6", "r2_joint_1", "r2_joint_6", "r2_joint_4"], "joint_types": [0, 0, 0, 2, 2, 0, 0, 0, 0, 0, 0, 0, 0, 0]}, "config_15": {"joint_values": [1.4739305533092113, 0.93014860298892699, 0.14590952546672595, 2.7973873866373125, 0.10000000000000001, 1.5598184207289094, -0.056548667764616284, -0.65572019997426967, 0.0033161255787892262, -1.2983963219202472, -2.2263419938439668, 0.86889506935907579, 1.0415783369469556, -3.2589090552865971], "joint_names": ["r1_joint_5", "r2_joint_2", "r1_joint_3", "r2_cart_joint", "r1_cart_joint", "r2_joint_5", "r1_joint_2", "r1_joint_1", "r1_joint_4", "r2_joint_3", "r1_joint_6", "r2_joint_1", "r2_joint_6", "r2_joint_4"], "joint_types": [0, 0, 0, 2, 2, 0, 0, 0, 0, 0, 0, 0, 0, 0]}, "config_12": {"joint_values": [1.4739305533092113, 0.80070245674079765, 0.14590952546672595, 3.0155319093098498, 0.10000000000000001, 1.5539156742128533, -0.056548667764616284, -0.65572019997426967, 0.0033161255787892262, -1.0872023041566004, -2.2263419938439668, 0.83666225782400072, 1.288968137253284, -2.6071272442292774], "joint_names": ["r1_joint_5", "r2_joint_2", "r1_joint_3", "r2_cart_joint", "r1_cart_joint", "r2_joint_5", "r1_joint_2", "r1_joint_1", "r1_joint_4", "r2_joint_3", "r1_joint_6", "r2_joint_1", "r2_joint_6", "r2_joint_4"], "joint_types": [0, 0, 0, 2, 2, 0, 0, 0, 0, 0, 0, 0, 0, 0]},