{"config_5": {"joint_values": [1.4739305533092113, 0.31730349966968013, 0.14590952546672595, 2.8335497685896653, 0.10000000000000001, 1.4954433388493982, -0.056548667764616284, -0.65572019997426967, 0.0033161255787892262, -0.051494373262676169, -2.2263419938439668, 0.47775333020489391, 2.5889704508079032, 0.58994381464288881], "joint_names": ["r1_joint_5", "r2_joint_2", "r1_joint_3", "r2_cart_joint", "r1_cart_joint", "r2_joint_5", "r1_joint_2", "r1_joint_1", "r1_joint_4", "r2_joint_3", "r1_joint_6", "r2_joint_1", "r2_joint_6", "r2_joint_4"], "joint_types": [0, 0, 0, 2, 2, 0, 0, 0, 0, 0, 0, 0, 0, 0]}, "config_11": {"joint_values": [1.4739305533092113, 0.35856625317535928, 0.14590952546672595, 1.5680774908972634, 0.10000000000000001, 1.4536097196903219, -0.056548667764616284, -0.65572019997426967, 0.0033161255787892262, 0.17762385854452728, -2.2263419938439668, 0.2017801124303259, 2.9615021856030701, 1.2978763922143552], "joint_names": ["r1_joint_5", "r2_joint_2", "r1_joint_3", "r2_cart_joint", "r1_cart_joint", "r2_joint_5", "r1_joint_2", "r1_joint_1", "r1_joint_4", "r2_joint_3", "r1_joint_6", "r2_joint_1", "r2_joint_6", "r2_joint_4"], "joint_types": [0, 0, 0, 2, 2, 0, 0, 0, 0, 0, 0, 0, 0, 0]}, "config_13": {"joint_values": [1.4739305533092113, 0.37232050434391906, 0.14590952546672595, 1.1462533983331293, 0.10000000000000001, 1.4396651799706299, -0.056548667764616284, -0.65572019997426967, 0.0033161255787892262, 0.25399660248026179, -2.2263419938439668, 0.10978903983880328, 3.0856794305347921, 1.5338539180715109], "joint_names": ["r1_joint_5", "r2_joint_2", "r1_joint_3", "r2_cart_joint", "r1_cart_joint", "r2_joint_5", "r1_joint_2", "r1_joint_1", "r1_joint_4", "r2_joint_3", "r1_joint_6", "r2_joint_1", "r2_joint_6", "r2_joint_4"], "joint_types": [0, 0, 0, 2, 2, 0, 0, 0, 0, 0, 0, 0, 0, 0]}, "config_7": {"joint_values": [1.4739305533092113, 0.33105775083823985, 0.14590952546672595, 2.4117256760255312, 0.10000000000000001, 1.4814987991297062, -0.056548667764616284, -0.65572019997426967, 0.0033161255787892262, 0.024878370673058314, -2.2263419938439668, 0.38576225761337124, 2.7131476957396252, 0.82592134050004429], "joint_names": ["r1_joint_5", "r2_joint_2", "r1_joint_3", "r2_cart_joint", "r1_cart_joint", "r2_joint_5", "r1_joint_2", "r1_joint_1", "r1_joint_4", "r2_joint_3", "r1_joint_6", "r2_joint_1", "r2_joint_6", "r2_joint_4"], "joint_types": [0, 0, 0, 2, 2, 0, 0, 0, 0, 0, 0, 0, 0, 0]}, "config_0": {"joint_values": [1.4739305533092113, 0.28291787174828081, 0.14590952546672595, 3.8881100000000002, 0.10000000000000001, 1.5303046881486282, -0.056548667764616284, -0.65572019997426967, 0.0033161255787892262, -0.24242623310201239, -2.2263419938439668, 0.70773101168370056, 2.2785273384785976, -0.0], "joint_names": ["r1_joint_5", "r2_joint_2", "r1_joint_3", "r2_cart_joint", "r1_cart_joint", "r2_joint_5", "r1_joint_2", "r1_joint_1", "r1_joint_4", "r2_joint_3", "r1_joint_6", "r2_joint_1", "r2_joint_6", "r2_joint_4"], "joint_types": [0, 0, 0, 2, 2, 0, 0, 0, 0, 0, 0, 0, 0, 0]}, "config_2": {"joint_values": [1.4739305533092113, 0.29667212291684053, 0.14590952546672595, 3.4662859074358661, 0.10000000000000001, 1.5163601484289362, -0.056548667764616284, -0.65572019997426967, 0.0033161255787892262, -0.16605348916627791, -2.2263419938439668, 0.61573993909217795, 2.40270458341032, 0.23597752585715551], "joint_names": ["r1_joint_5", "r2_joint_2", "r1_joint_3", "r2_cart_joint", "r1_cart_joint", "r2_joint_5", "r1_joint_2", "r1_joint_1", "r1_joint_4", "r2_joint_3", "r1_joint_6", "r2_joint_1", "r2_joint_6", "r2_joint_4"], "joint_types": [0, 0, 0, 2, 2, 0, 0, 0, 0, 0, 0, 0, 0, 0]}, "config_1": {"joint_values": [1.4739305533092113, 0.2897949973325607, 0.14590952546672595, 3.6771979537179331, 0.10000000000000001, 1.5233324182887822, -0.056548667764616284, -0.65572019997426967, 0.0033161255787892262, -0.20423986113414516, -2.2263419938439668, 0.6617354753879392, 2.3406159609444588, 0.11798876292857775], "joint_names": ["r1_joint_5", "r2_joint_2", "r1_joint_3", "r2_cart_joint", "r1_cart_joint", "r2_joint_5", "r1_joint_2", "r1_joint_1", "r1_joint_4", "r2_joint_3", "r1_joint_6", "r2_joint_1", "r2_joint_6", "r2_joint_4"], "joint_types": [0, 0, 0, 2, 2, 0, 0, 0, 0, 0, 0, 0, 0, 0]}, "config_9": {"joint_values": [1.4739305533092113, 0.34481200200679957, 0.14590952546672595, 1.9899015834613971, 0.10000000000000001, 1.4675542594100139, -0.056548667764616284, -0.65572019997426967, 0.0033161255787892262, 0.10125111460879282, -2.2263419938439668, 0.29377118502184857, 2.8373249406713477, 1.0618988663571998], "joint_names": ["r1_joint_5", "r2_joint_2", "r1_joint_3", "r2_cart_joint", "r1_cart_joint", "r2_joint_5", "r1_joint_2", "r1_joint_1", "r1_joint_4", "r2_joint_3", "r1_joint_6", "r2_joint_1", "r2_joint_6", "r2_joint_4"], "joint_types": [0, 0, 0, 2, 2, 0, 0, 0, 0, 0, 0, 0, 0, 0]}, "config_4": {"joint_values": [1.4739305533092113, 0.31042637408540025, 0.14590952546672595, 3.0444618148717324, 0.10000000000000001, 1.5024156087092442, -0.056548667764616284, -0.65572019997426967, 0.0033161255787892262, -0.089680745230543424, -2.2263419938439668, 0.52374886650065522, 2.526881828342042, 0.47195505171431101], "joint_names": ["r1_joint_5", "r2_joint_2", "r1_joint_3", "r2_cart_joint", "r1_cart_joint", "r2_joint_5", "r1_joint_2", "r1_joint_1", "r1_joint_4", "r2_joint_3", "r1_joint_6", "r2_joint_1", "r2_joint_6", "r2_joint_4"], "joint_types": [0, 0, 0, 2, 2, 0, 0, 0, 0, 0, 0, 0, 0, 0]}, "config_8": {"joint_values": [1.4739305533092113, 0.33793487642251974, 0.14590952546672595, 2.2008136297434646, 0.10000000000000001, 1.4745265292698599, -0.056548667764616284, -0.65572019997426967, 0.0033161255787892262, 0.063064742640925542, -2.2263419938439668, 0.33976672131760993, 2.7752363182054864, 0.94391010342862203], "joint_names": ["r1_joint_5", "r2_joint_2", "r1_joint_3", "r2_cart_joint", "r1_cart_joint", "r2_joint_5", "r1_joint_2", "r1_joint_1", "r1_joint_4", "r2_joint_3", "r1_joint_6", "r2_joint_1", "r2_joint_6", "r2_joint_4"], "joint_types": [0, 0, 0, 2, 2, 0, 0, 0, 0, 0, 0, 0, 0, 0]}, "config_14": {"joint_values": [1.4739305533092113, 0.37919762992819889, 0.14590952546672595, 0.9353413520510625, 0.10000000000000001, 1.4326929101107839, -0.056548667764616284, -0.65572019997426967, 0.0033161255787892262, 0.29218297444812896, -2.2263419938439668, 0.063793503543041918, 3.1477680530006533, 1.6518426810000886], "joint_names": ["r1_joint_5", "r2_joint_2", "r1_joint_3", "r2_cart_joint", "r1_cart_joint", "r2_joint_5", "r1_joint_2", "r1_joint_1", "r1_joint_4", "r2_joint_3", "r1_joint_6", "r2_joint_1", "r2_joint_6", "r2_joint_4"], "joint_types": [0, 0, 0, 2, 2, 0, 0, 0, 0, 0, 0, 0, 0, 0]}, "config_3": {"joint_values": [1.4739305533092113, 0.30354924850112042, 0.14590952546672595, 3.2553738611537995, 0.10000000000000001, 1.5093878785690902, -0.056548667764616284, -0.65572019997426967, 0.0033161255787892262, -0.12786711719841065, -2.2263419938439668, 0.56974440279641658, 2.4647932058761808, 0.35396628878573327], "joint_names": ["r1_joint_5", "r2_joint_2", "r1_joint_3", "r2_cart_joint", "r1_cart_joint", "r2_joint_5", "r1_joint_2", "r1_joint_1", "r1_joint_4", "r2_joint_3", "r1_joint_6", "r2_joint_1", "r2_joint_6", "r2_joint_4"], "joint_types": [0, 0, 0, 2, 2, 0, 0, 0, 0, 0, 0, 0, 0, 0]}, "config_12": {"joint_values": [1.4739305533092113, 0.36544337875963917, 0.14590952546672595, 1.3571654446151964, 0.10000000000000001, 1.4466374498304759, -0.056548667764616284, -0.65572019997426967, 0.0033161255787892262, 0.21581023051239451, -2.2263419938439668, 0.15578457613456465, 3.0235908080689309, 1.4158651551429331], "joint_names": ["r1_joint_5", "r2_joint_2", "r1_joint_3", "r2_cart_joint", "r1_cart_joint", "r2_joint_5", "r1_joint_2", "r1_joint_1", "r1_joint_4", "r2_joint_3", "r1_joint_6", "r2_joint_1", "r2_joint_6", "r2_joint_4"], "joint_types": [0, 0, 0, 2, 2, 0, 0, 0, 0, 0, 0, 0, 0, 0]},