{"config_5": {"joint_values": [1.4739305533092113, 0.37365511465833184, 0.14590952546672595, 3.054078081802782, 0.10000000000000001, 1.5470059879648326, -0.056548667764616284, -0.65572019997426967, 0.0033161255787892262, -0.031514148087662563, -2.2263419938439668, 0.65847062354209229, 2.1891388688745641, -1.2637395360839214], "joint_names": ["r1_joint_5", "r2_joint_2", "r1_joint_3", "r2_cart_joint", "r1_cart_joint", "r2_joint_5", "r1_joint_2", "r1_joint_1", "r1_joint_4", "r2_joint_3", "r1_joint_6", "r2_joint_1", "r2_joint_6", "r2_joint_4"], "joint_types": [0, 0, 0, 2, 2, 0, 0, 0, 0, 0, 0, 0, 0, 0]}, "config_11": {"joint_values": [1.4739305533092113, 0.4825398061503931, 0.14590952546672595, 2.0532397799661197, 0.10000000000000001, 1.567047547744278, -0.056548667764616284, -0.65572019997426967, 0.0033161255787892262, 0.22158035392955722, -2.2263419938439668, 0.5993581577721625, 2.0818727053497241, -2.780226979384627], "joint_names": ["r1_joint_5", "r2_joint_2", "r1_joint_3", "r2_cart_joint", "r1_cart_joint", "r2_joint_5", "r1_joint_2", "r1_joint_1", "r1_joint_4", "r2_joint_3", "r1_joint_6", "r2_joint_1", "r2_joint_6", "r2_joint_4"], "joint_types": [0, 0, 0, 2, 2, 0, 0, 0, 0, 0, 0, 0, 0, 0]}, "config_13": {"joint_values": [1.4739305533092113, 0.51883470331441361, 0.14590952546672595, 1.7196270126872317, 0.10000000000000001, 1.5737280676707597, -0.056548667764616284, -0.65572019997426967, 0.0033161255787892262, 0.30594518793529724, -2.2263419938439668, 0.57965400251551913, 2.0461173175081111, -3.2857227938181963], "joint_names": ["r1_joint_5", "r2_joint_2", "r1_joint_3", "r2_cart_joint", "r1_cart_joint", "r2_joint_5", "r1_joint_2", "r1_joint_1", "r1_joint_4", "r2_joint_3", "r1_joint_6", "r2_joint_1", "r2_joint_6", "r2_joint_4"], "joint_types": [0, 0, 0, 2, 2, 0, 0, 0, 0, 0, 0, 0, 0, 0]}, "config_15": {"joint_values": [1.4739305533092113, 0.55512960047843396, 0.14590952546672595, 1.3860142454083446, 0.10000000000000001, 1.5804085875972416, -0.056548667764616284, -0.65572019997426967, 0.0033161255787892262, 0.39031002194103709, -2.2263419938439668, 0.55994984725887587, 2.0103619296664976, -3.7912186082517647], "joint_names": ["r1_joint_5", "r2_joint_2", "r1_joint_3", "r2_cart_joint", "r1_cart_joint", "r2_joint_5", "r1_joint_2", "r1_joint_1", "r1_joint_4", "r2_joint_3", "r1_joint_6", "r2_joint_1", "r2_joint_6", "r2_joint_4"], "joint_types": [0, 0, 0, 2, 2, 0, 0, 0, 0, 0, 0, 0, 0, 0]}, "config_7": {"joint_values": [1.4739305533092113, 0.40995001182235224, 0.14590952546672595, 2.720465314523894, 0.10000000000000001, 1.5536865078913145, -0.056548667764616284, -0.65572019997426967, 0.0033161255787892262, 0.0528506859180774, -2.2263419938439668, 0.63876646828544903, 2.1533834810329511, -1.7692353505174903], "joint_names": ["r1_joint_5", "r2_joint_2", "r1_joint_3", "r2_cart_joint", "r1_cart_joint", "r2_joint_5", "r1_joint_2", "r1_joint_1", "r1_joint_4", "r2_joint_3", "r1_joint_6", "r2_joint_1", "r2_joint_6", "r2_joint_4"], "joint_types": [0, 0, 0, 2, 2, 0, 0, 0, 0, 0, 0, 0, 0, 0]}, "config_0": {"joint_values": [1.4739305533092113, 0.28291787174828081, 0.14590952546672595, 3.8881100000000002, 0.10000000000000001, 1.5303046881486282, -0.056548667764616284, -0.65572019997426967, 0.0033161255787892262, -0.24242623310201239, -2.2263419938439668, 0.70773101168370056, 2.2785273384785976, -0.0], "joint_names": ["r1_joint_5", "r2_joint_2", "r1_joint_3", "r2_cart_joint", "r1_cart_joint", "r2_joint_5", "r1_joint_2", "r1_joint_1", "r1_joint_4", "r2_joint_3", "r1_joint_6", "r2_joint_1", "r2_joint_6", "r2_joint_4"], "joint_types": [0, 0, 0, 2, 2, 0, 0, 0, 0, 0, 0, 0, 0, 0]}, "config_2": {"joint_values": [1.4739305533092113, 0.31921276891230121, 0.14590952546672595, 3.5544972327211126, 0.10000000000000001, 1.5369852080751101, -0.056548667764616284, -0.65572019997426967, 0.0033161255787892262, -0.15806139909627245, -2.2263419938439668, 0.6880268564270573, 2.2427719506369841, -0.50549581443356861], "joint_names": ["r1_joint_5", "r2_joint_2", "r1_joint_3", "r2_cart_joint", "r1_cart_joint", "r2_joint_5", "r1_joint_2", "r1_joint_1", "r1_joint_4", "r2_joint_3", "r1_joint_6", "r2_joint_1", "r2_joint_6", "r2_joint_4"], "joint_types": [0, 0, 0, 2, 2, 0, 0, 0, 0, 0, 0, 0, 0, 0]}, "config_1": {"joint_values": [1.4739305533092113, 0.30106532033029104, 0.14590952546672595, 3.7213036163605566, 0.10000000000000001, 1.533644948111869, -0.056548667764616284, -0.65572019997426967, 0.0033161255787892262, -0.20024381609914244, -2.2263419938439668, 0.69787893405537893, 2.260649644557791, -0.25274790721678431], "joint_names": ["r1_joint_5", "r2_joint_2", "r1_joint_3", "r2_cart_joint", "r1_cart_joint", "r2_joint_5", "r1_joint_2", "r1_joint_1", "r1_joint_4", "r2_joint_3", "r1_joint_6", "r2_joint_1", "r2_joint_6", "r2_joint_4"], "joint_types": [0, 0, 0, 2, 2, 0, 0, 0, 0, 0, 0, 0, 0, 0]}, "config_9": {"joint_values": [1.4739305533092113, 0.4462449089863727, 0.14590952546672595, 2.3868525472450068, 0.10000000000000001, 1.5603670278177961, -0.056548667764616284, -0.65572019997426967, 0.0033161255787892262, 0.13721551992381731, -2.2263419938439668, 0.61906231302880577, 2.1176280931913376, -2.2747311649510586], "joint_names": ["r1_joint_5", "r2_joint_2", "r1_joint_3", "r2_cart_joint", "r1_cart_joint", "r2_joint_5", "r1_joint_2", "r1_joint_1", "r1_joint_4", "r2_joint_3", "r1_joint_6", "r2_joint_1", "r2_joint_6", "r2_joint_4"], "joint_types": [0, 0, 0, 2, 2, 0, 0, 0, 0, 0, 0, 0, 0, 0]}, "config_4": {"joint_values": [1.4739305533092113, 0.35550766607632167, 0.14590952546672595, 3.2208844654422255, 0.10000000000000001, 1.5436657280015917, -0.056548667764616284, -0.65572019997426967, 0.0033161255787892262, -0.073696565090532518, -2.2263419938439668, 0.66832270117041404, 2.2070165627953711, -1.0109916288671372], "joint_names": ["r1_joint_5", "r2_joint_2", "r1_joint_3", "r2_cart_joint", "r1_cart_joint", "r2_joint_5", "r1_joint_2", "r1_joint_1", "r1_joint_4", "r2_joint_3", "r1_joint_6", "r2_joint_1", "r2_joint_6", "r2_joint_4"], "joint_types": [0, 0, 0, 2, 2, 0, 0, 0, 0, 0, 0, 0, 0, 0]}, "config_8": {"joint_values": [1.4739305533092113, 0.42809746040436247, 0.14590952546672595, 2.5536589308844508, 0.10000000000000001, 1.5570267678545553, -0.056548667764616284, -0.65572019997426967, 0.0033161255787892262, 0.095033102920947354, -2.2263419938439668, 0.6289143906571274, 2.1355057871121441, -2.0219832577342745], "joint_names": ["r1_joint_5", "r2_joint_2", "r1_joint_3", "r2_cart_joint", "r1_cart_joint", "r2_joint_5", "r1_joint_2", "r1_joint_1", "r1_joint_4", "r2_joint_3", "r1_joint_6", "r2_joint_1", "r2_joint_6", "r2_joint_4"], "joint_types": [0, 0, 0, 2, 2, 0, 0, 0, 0, 0, 0, 0, 0, 0]}, "config_14": {"joint_values": [1.4739305533092113, 0.53698215189642373, 0.14590952546672595, 1.5528206290477882, 0.10000000000000001, 1.5770683276340007, -0.056548667764616284, -0.65572019997426967, 0.0033161255787892262, 0.34812760493816719, -2.2263419938439668, 0.5698019248871975, 2.0282396235873041, -3.5384707010349805], "joint_names": ["r1_joint_5", "r2_joint_2", "r1_joint_3", "r2_cart_joint", "r1_cart_joint", "r2_joint_5", "r1_joint_2", "r1_joint_1", "r1_joint_4", "r2_joint_3", "r1_joint_6", "r2_joint_1", "r2_joint_6", "r2_joint_4"], "joint_types": [0, 0, 0, 2, 2, 0, 0, 0, 0, 0, 0, 0, 0, 0]}, "config_3": {"joint_values": [1.4739305533092113, 0.33736021749431144, 0.14590952546672595, 3.3876908490816691, 0.10000000000000001, 1.5403254680383509, -0.056548667764616284, -0.65572019997426967, 0.0033161255787892262, -0.11587898209340247, -2.2263419938439668, 0.67817477879873567, 2.2248942567161776, -0.75824372165035303], "joint_names": ["r1_joint_5", "r2_joint_2", "r1_joint_3", "r2_cart_joint", "r1_cart_joint", "r2_joint_5", "r1_joint_2", "r1_joint_1", "r1_joint_4", "r2_joint_3", "r1_joint_6", "r2_joint_1", "r2_joint_6", "r2_joint_4"], "joint_types": [0, 0, 0, 2, 2, 0, 0, 0, 0, 0, 0, 0, 0, 0]},